datetime_IST,date,time_start,time_end,hour,threat,is_Dan,is_South,is_North,is_Jerusalem,n_alerts,duration_sec
2026-02-28 08:13:56,2026-02-28,08:13:56,08:13:56,8,unknown,True,False,False,False,1,0
2026-02-28 10:10:25,2026-02-28,10:10:25,10:12:25,10,rocket_missile,False,False,True,False,2,120
2026-02-28 10:25:07,2026-02-28,10:25:07,10:55:22,10,rocket_missile,True,True,True,True,13,1815
2026-02-28 11:06:19,2026-02-28,11:06:19,11:38:43,11,rocket_missile,False,True,True,True,16,1944
2026-02-28 11:47:51,2026-02-28,11:47:51,11:55:54,11,rocket_missile,False,True,True,True,5,483
2026-02-28 12:05:35,2026-02-28,12:05:35,12:05:35,12,unknown,True,False,False,False,1,0
2026-02-28 12:28:41,2026-02-28,12:28:41,12:42:02,12,rocket_missile,True,True,True,False,5,801
2026-02-28 13:08:16,2026-02-28,13:08:16,13:12:59,13,rocket_missile,True,True,True,False,3,283
2026-02-28 13:29:34,2026-02-28,13:29:34,13:31:47,13,unknown,False,True,True,True,2,133
2026-02-28 14:43:08,2026-02-28,14:43:08,14:47:09,14,rocket_missile,False,True,False,True,3,241
2026-02-28 14:55:16,2026-02-28,14:55:16,14:55:16,14,unknown,False,True,False,True,1,0
2026-02-28 15:27:25,2026-02-28,15:27:25,15:36:59,15,rocket_missile,False,True,True,False,4,574
2026-02-28 15:50:36,2026-02-28,15:50:36,15:51:54,15,rocket_missile,False,True,True,False,2,78
2026-02-28 16:04:11,2026-02-28,16:04:11,16:13:14,16,rocket_missile,True,True,True,False,4,543
2026-02-28 16:33:54,2026-02-28,16:33:54,16:40:27,16,rocket_missile,False,True,True,False,6,393
2026-02-28 16:54:14,2026-02-28,16:54:14,16:58:06,16,rocket_missile,False,True,True,True,3,232
2026-02-28 17:09:12,2026-02-28,17:09:12,17:17:12,17,rocket_missile,True,True,True,True,6,480
2026-02-28 17:34:57,2026-02-28,17:34:57,17:47:39,17,rocket_missile,True,True,True,False,5,762
2026-02-28 17:57:28,2026-02-28,17:57:28,18:17:35,17,rocket_missile,True,True,True,True,10,1207
2026-02-28 18:45:09,2026-02-28,18:45:09,18:45:09,18,rocket_missile,False,True,True,True,1,0
2026-02-28 18:57:10,2026-02-28,18:57:10,19:07:08,18,unknown,False,True,True,True,4,598
2026-02-28 19:25:37,2026-02-28,19:25:37,19:25:37,19,rocket_missile,True,True,True,False,1,0
2026-02-28 20:16:00,2026-02-28,20:16:00,20:18:01,20,hostile_aircraft,False,True,False,False,2,121
2026-02-28 20:28:34,2026-02-28,20:28:34,20:28:34,20,hostile_aircraft,False,True,False,False,1,0
2026-02-28 20:38:00,2026-02-28,20:38:00,20:42:06,20,hostile_aircraft,False,False,True,False,3,246
2026-02-28 22:36:35,2026-02-28,22:36:35,22:50:56,22,rocket_missile,False,True,True,True,7,861
2026-02-28 23:04:16,2026-02-28,23:04:16,23:04:16,23,unknown,False,True,False,True,1,0
2026-02-28 23:31:18,2026-02-28,23:31:18,23:31:18,23,rocket_missile,False,True,False,False,1,0
2026-03-01 00:10:23,2026-03-01,00:10:23,00:13:14,0,hostile_aircraft,False,True,False,False,2,171
2026-03-01 01:16:19,2026-03-01,01:16:19,01:26:28,1,hostile_aircraft,False,False,True,False,4,609
2026-03-01 01:37:22,2026-03-01,01:37:22,02:12:05,1,rocket_missile,True,True,True,True,11,2083
2026-03-01 03:31:50,2026-03-01,03:31:50,03:36:22,3,hostile_aircraft,False,False,True,False,2,272
2026-03-01 04:18:21,2026-03-01,04:18:21,04:27:33,4,rocket_missile,False,False,True,False,5,552
2026-03-01 05:34:52,2026-03-01,05:34:52,05:37:14,5,hostile_aircraft,False,True,False,False,2,142
2026-03-01 05:45:23,2026-03-01,05:45:23,05:52:48,5,hostile_aircraft,False,True,False,False,2,445
2026-03-01 06:15:57,2026-03-01,06:15:57,06:17:58,6,rocket_missile,True,True,True,False,2,121
2026-03-01 06:30:35,2026-03-01,06:30:35,07:12:14,6,rocket_missile,True,True,True,True,15,2499
2026-03-01 08:54:32,2026-03-01,08:54:32,09:03:30,8,rocket_missile,True,True,True,True,5,538
2026-03-01 09:11:32,2026-03-01,09:11:32,09:15:11,9,unknown,False,True,True,True,2,219
2026-03-01 09:55:47,2026-03-01,09:55:47,09:55:47,9,rocket_missile,False,False,False,False,1,0
2026-03-01 10:06:33,2026-03-01,10:06:33,10:44:47,10,rocket_missile,True,True,True,True,14,2294
2026-03-01 12:42:15,2026-03-01,12:42:15,13:04:00,12,rocket_missile,True,True,True,True,10,1305
2026-03-01 13:28:15,2026-03-01,13:28:15,13:46:40,13,rocket_missile,False,True,True,True,10,1105
2026-03-01 13:55:22,2026-03-01,13:55:22,14:07:35,13,rocket_missile,False,True,True,True,4,733
2026-03-01 15:45:17,2026-03-01,15:45:17,15:45:17,15,hostile_aircraft,False,True,False,False,1,0
2026-03-01 16:47:56,2026-03-01,16:47:56,16:49:56,16,rocket_missile,False,True,True,False,2,120
2026-03-01 17:03:04,2026-03-01,17:03:04,17:03:04,17,unknown,False,False,True,False,1,0
2026-03-01 18:45:34,2026-03-01,18:45:34,18:45:34,18,unknown,False,False,False,False,1,0
2026-03-01 19:28:55,2026-03-01,19:28:55,19:33:33,19,hostile_aircraft,False,True,False,False,2,278
2026-03-01 20:36:45,2026-03-01,20:36:45,20:36:45,20,rocket_missile,False,False,True,False,1,0
2026-03-01 20:48:30,2026-03-01,20:48:30,20:48:30,20,unknown,False,False,True,False,1,0
2026-03-01 21:06:39,2026-03-01,21:06:39,21:18:42,21,rocket_missile,True,True,True,True,7,723
2026-03-01 21:29:04,2026-03-01,21:29:04,21:37:55,21,rocket_missile,False,True,True,True,4,531
2026-03-01 21:46:10,2026-03-01,21:46:10,21:55:26,21,hostile_aircraft,False,True,True,False,4,556
2026-03-01 22:33:49,2026-03-01,22:33:49,22:35:50,22,rocket_missile,False,True,False,True,2,121
2026-03-01 22:48:00,2026-03-01,22:48:00,22:48:00,22,rocket_missile,False,True,False,True,1,0
2026-03-01 22:58:20,2026-03-01,22:58:20,22:58:20,22,unknown,False,False,False,False,1,0
2026-03-01 23:45:44,2026-03-01,23:45:44,23:59:35,23,hostile_aircraft,False,False,True,False,6,831
2026-03-02 00:44:47,2026-03-02,00:44:47,01:05:44,0,rocket_missile,False,False,True,False,10,1257
2026-03-02 01:14:56,2026-03-02,01:14:56,01:39:45,1,rocket_missile,False,True,True,False,12,1489
2026-03-02 04:42:25,2026-03-02,04:42:25,04:46:06,4,hostile_aircraft,False,False,True,False,3,221
2026-03-02 05:32:13,2026-03-02,05:32:13,05:40:28,5,rocket_missile,False,False,True,False,5,495
2026-03-02 06:55:55,2026-03-02,06:55:55,07:23:36,6,rocket_missile,True,True,True,True,12,1661
2026-03-02 07:36:20,2026-03-02,07:36:20,07:42:53,7,rocket_missile,False,True,True,True,4,393
2026-03-02 07:54:47,2026-03-02,07:54:47,08:06:54,7,rocket_missile,False,True,True,True,6,727
2026-03-02 12:09:35,2026-03-02,12:09:35,12:12:02,12,rocket_missile,True,True,True,True,2,147
2026-03-02 12:24:23,2026-03-02,12:24:23,12:24:23,12,rocket_missile,False,True,False,False,1,0
2026-03-02 12:34:09,2026-03-02,12:34:09,12:50:23,12,rocket_missile,False,True,True,True,9,974
2026-03-02 12:59:45,2026-03-02,12:59:45,13:03:32,12,rocket_missile,False,True,True,False,3,227
2026-03-02 13:12:48,2026-03-02,13:12:48,13:12:48,13,rocket_missile,False,False,True,False,1,0
2026-03-02 14:04:07,2026-03-02,14:04:07,14:10:56,14,unknown,False,False,False,False,2,409
2026-03-02 14:35:11,2026-03-02,14:35:11,14:41:05,14,rocket_missile,False,False,True,False,2,354
2026-03-02 17:27:40,2026-03-02,17:27:40,17:37:14,17,rocket_missile,True,True,True,False,3,574
2026-03-02 17:48:12,2026-03-02,17:48:12,17:48:12,17,rocket_missile,False,True,False,False,1,0
2026-03-02 19:07:09,2026-03-02,19:07:09,19:11:57,19,hostile_aircraft,False,False,True,False,3,288
2026-03-02 23:14:57,2026-03-02,23:14:57,23:20:08,23,hostile_aircraft,False,False,True,False,2,311
2026-03-03 00:29:00,2026-03-03,00:29:00,01:07:28,0,rocket_missile,False,True,True,True,14,2308
2026-03-03 01:17:12,2026-03-03,01:17:12,01:17:12,1,rocket_missile,False,False,True,False,1,0
2026-03-03 01:55:09,2026-03-03,01:55:09,01:57:19,1,hostile_aircraft,False,False,True,False,2,130
2026-03-03 02:52:43,2026-03-03,02:52:43,03:03:23,2,hostile_aircraft,False,False,True,False,6,640
2026-03-03 04:37:24,2026-03-03,04:37:24,04:51:50,4,rocket_missile,False,False,True,False,4,866
2026-03-03 06:13:51,2026-03-03,06:13:51,06:27:16,6,rocket_missile,False,False,True,False,5,805
2026-03-03 07:41:12,2026-03-03,07:41:12,07:41:12,7,rocket_missile,False,False,True,False,1,0
2026-03-03 07:51:12,2026-03-03,07:51:12,07:51:12,7,rocket_missile,False,False,True,False,1,0
2026-03-03 08:31:41,2026-03-03,08:31:41,08:47:24,8,rocket_missile,False,True,True,True,6,943
2026-03-03 09:05:48,2026-03-03,09:05:48,09:15:50,9,rocket_missile,False,False,True,False,7,602
2026-03-03 09:24:32,2026-03-03,09:24:32,09:24:32,9,hostile_aircraft,False,False,True,False,1,0
2026-03-03 09:45:09,2026-03-03,09:45:09,09:45:09,9,unknown,False,False,False,False,1,0
2026-03-03 10:14:50,2026-03-03,10:14:50,10:14:50,10,unknown,False,False,False,False,1,0
2026-03-03 10:40:09,2026-03-03,10:40:09,10:40:09,10,rocket_missile,False,False,True,False,1,0
2026-03-03 10:50:20,2026-03-03,10:50:20,10:50:20,10,rocket_missile,False,False,True,False,1,0
2026-03-03 11:06:12,2026-03-03,11:06:12,11:15:10,11,rocket_missile,True,True,True,False,4,538
2026-03-03 11:26:09,2026-03-03,11:26:09,11:26:09,11,rocket_missile,False,True,False,False,1,0
2026-03-03 12:30:56,2026-03-03,12:30:56,12:54:09,12,rocket_missile,True,True,False,True,8,1393
2026-03-03 13:27:21,2026-03-03,13:27:21,13:29:20,13,rocket_missile,False,False,True,False,2,119
2026-03-03 13:39:07,2026-03-03,13:39:07,13:39:07,13,rocket_missile,False,False,True,False,1,0
2026-03-03 14:34:43,2026-03-03,14:34:43,14:56:39,14,rocket_missile,False,True,True,False,10,1316
2026-03-03 15:12:01,2026-03-03,15:12:01,15:12:01,15,rocket_missile,False,True,False,False,1,0
2026-03-03 15:41:14,2026-03-03,15:41:14,15:41:14,15,rocket_missile,False,True,False,False,1,0
2026-03-03 15:53:53,2026-03-03,15:53:53,15:53:53,15,rocket_missile,False,True,True,False,1,0
2026-03-03 16:03:36,2026-03-03,16:03:36,16:03:36,16,rocket_missile,False,False,True,False,1,0
2026-03-03 16:14:58,2026-03-03,16:14:58,16:14:58,16,rocket_missile,False,False,True,False,1,0
2026-03-03 17:16:23,2026-03-03,17:16:23,17:32:57,17,rocket_missile,False,False,True,False,10,994
2026-03-03 17:43:51,2026-03-03,17:43:51,17:57:56,17,rocket_missile,False,False,True,False,8,845
2026-03-03 19:55:20,2026-03-03,19:55:20,20:00:50,19,rocket_missile,True,True,True,False,3,330
2026-03-03 20:10:02,2026-03-03,20:10:02,20:10:02,20,rocket_missile,True,True,True,False,1,0
2026-03-03 20:45:26,2026-03-03,20:45:26,20:57:40,20,hostile_aircraft,False,False,True,False,6,734
2026-03-03 22:34:40,2026-03-03,22:34:40,22:50:13,22,rocket_missile,True,True,True,False,4,933
2026-03-03 23:01:01,2026-03-03,23:01:01,23:01:01,23,rocket_missile,False,True,False,False,1,0
2026-03-03 23:16:41,2026-03-03,23:16:41,23:18:41,23,rocket_missile,True,True,True,False,2,120
2026-03-04 00:08:37,2026-03-04,00:08:37,00:12:38,0,rocket_missile,False,True,True,False,3,241
2026-03-04 00:21:05,2026-03-04,00:21:05,00:21:05,0,rocket_missile,False,True,True,False,1,0
2026-03-04 00:55:11,2026-03-04,00:55:11,01:05:11,0,rocket_missile,False,True,True,False,3,600
2026-03-04 01:15:39,2026-03-04,01:15:39,01:15:39,1,rocket_missile,False,False,True,False,1,0
2026-03-04 01:25:11,2026-03-04,01:25:11,01:25:11,1,rocket_missile,False,False,True,False,1,0
2026-03-04 02:36:13,2026-03-04,02:36:13,02:36:13,2,rocket_missile,False,False,True,False,1,0
2026-03-04 02:45:46,2026-03-04,02:45:46,02:55:14,2,rocket_missile,False,False,True,False,3,568
2026-03-04 03:27:40,2026-03-04,03:27:40,03:27:40,3,rocket_missile,False,False,True,False,1,0
2026-03-04 03:37:10,2026-03-04,03:37:10,03:37:10,3,rocket_missile,False,False,True,False,1,0
2026-03-04 03:53:43,2026-03-04,03:53:43,03:53:43,3,rocket_missile,False,False,True,False,1,0
2026-03-04 04:05:10,2026-03-04,04:05:10,04:05:10,4,rocket_missile,False,False,True,False,1,0
2026-03-04 04:23:56,2026-03-04,04:23:56,04:25:55,4,rocket_missile,False,True,False,False,2,119
2026-03-04 04:35:09,2026-03-04,04:35:09,04:35:09,4,rocket_missile,False,True,True,False,1,0
2026-03-04 05:58:30,2026-03-04,05:58:30,06:10:05,5,rocket_missile,False,True,True,True,5,695
2026-03-04 06:26:30,2026-03-04,06:26:30,06:26:30,6,rocket_missile,False,False,True,False,1,0
2026-03-04 06:48:14,2026-03-04,06:48:14,06:53:38,6,rocket_missile,False,False,True,False,2,324
2026-03-04 07:03:36,2026-03-04,07:03:36,07:03:36,7,rocket_missile,False,False,True,False,1,0
2026-03-04 08:12:33,2026-03-04,08:12:33,08:24:26,8,hostile_aircraft,False,False,True,False,6,713
2026-03-04 08:35:36,2026-03-04,08:35:36,08:40:46,8,rocket_missile,False,False,True,False,4,310
2026-03-04 09:39:39,2026-03-04,09:39:39,09:39:39,9,rocket_missile,False,False,True,False,1,0
2026-03-04 09:50:10,2026-03-04,09:50:10,09:50:10,9,rocket_missile,False,False,True,False,1,0
2026-03-04 10:09:25,2026-03-04,10:09:25,10:09:25,10,rocket_missile,False,False,True,False,1,0
2026-03-04 10:19:07,2026-03-04,10:19:07,10:19:07,10,rocket_missile,False,False,True,False,1,0
2026-03-04 11:54:24,2026-03-04,11:54:24,12:01:38,11,hostile_aircraft,False,False,True,False,3,434
2026-03-04 12:11:17,2026-03-04,12:11:17,12:11:17,12,rocket_missile,False,False,True,False,1,0
2026-03-04 12:26:55,2026-03-04,12:26:55,12:33:36,12,hostile_aircraft,False,False,True,False,2,401
2026-03-04 12:48:44,2026-03-04,12:48:44,12:55:09,12,hostile_aircraft,False,False,True,False,3,385
2026-03-04 13:25:59,2026-03-04,13:25:59,14:11:04,13,rocket_missile,True,True,True,True,16,2705
2026-03-04 14:20:47,2026-03-04,14:20:47,14:20:47,14,rocket_missile,False,True,True,True,1,0
2026-03-04 14:30:48,2026-03-04,14:30:48,15:00:08,14,rocket_missile,False,True,True,True,8,1760
2026-03-04 15:10:20,2026-03-04,15:10:20,15:10:20,15,rocket_missile,False,False,True,False,1,0
2026-03-04 15:21:17,2026-03-04,15:21:17,15:23:17,15,rocket_missile,False,False,True,False,2,120
2026-03-04 15:34:35,2026-03-04,15:34:35,16:29:13,15,rocket_missile,False,True,True,True,17,3278
2026-03-04 16:44:39,2026-03-04,16:44:39,16:44:39,16,rocket_missile,False,False,True,False,1,0
2026-03-04 16:55:12,2026-03-04,16:55:12,16:55:12,16,rocket_missile,False,False,True,False,1,0
2026-03-04 17:03:41,2026-03-04,17:03:41,17:03:41,17,rocket_missile,False,False,True,False,1,0
2026-03-04 17:14:08,2026-03-04,17:14:08,17:16:46,17,rocket_missile,False,False,True,False,4,158
2026-03-04 18:08:06,2026-03-04,18:08:06,18:09:12,18,hostile_aircraft,False,False,True,False,2,66
2026-03-04 19:03:09,2026-03-04,19:03:09,19:22:07,19,rocket_missile,False,True,True,True,7,1138
2026-03-04 19:43:59,2026-03-04,19:43:59,19:56:56,19,rocket_missile,False,False,True,False,8,777
2026-03-04 20:29:37,2026-03-04,20:29:37,20:31:50,20,rocket_missile,False,False,False,False,4,133
2026-03-04 20:42:12,2026-03-04,20:42:12,20:42:26,20,rocket_missile,False,False,True,False,2,14
2026-03-04 22:32:00,2026-03-04,22:32:00,22:33:59,22,hostile_aircraft,False,False,True,False,2,119
2026-03-04 22:44:25,2026-03-04,22:44:25,22:44:25,22,hostile_aircraft,False,False,True,False,1,0
2026-03-04 23:58:04,2026-03-04,23:58:04,00:07:21,23,rocket_missile,False,False,True,False,3,557
2026-03-05 00:34:27,2026-03-05,00:34:27,00:34:27,0,hostile_aircraft,False,False,True,False,1,0
2026-03-05 00:44:15,2026-03-05,00:44:15,00:44:15,0,hostile_aircraft,False,False,True,False,1,0
2026-03-05 02:22:46,2026-03-05,02:22:46,02:37:17,2,rocket_missile,True,True,True,False,7,871
2026-03-05 02:59:33,2026-03-05,02:59:33,02:59:33,2,rocket_missile,False,False,True,False,1,0
2026-03-05 03:08:21,2026-03-05,03:08:21,03:34:39,3,rocket_missile,True,False,True,False,12,1578
2026-03-05 03:50:43,2026-03-05,03:50:43,03:50:43,3,rocket_missile,False,False,True,False,1,0
2026-03-05 04:01:38,2026-03-05,04:01:38,04:01:38,4,rocket_missile,False,True,False,True,1,0
2026-03-05 04:12:51,2026-03-05,04:12:51,04:12:51,4,rocket_missile,True,True,False,True,1,0
2026-03-05 06:20:44,2026-03-05,06:20:44,06:29:28,6,rocket_missile,False,False,True,False,3,524
2026-03-05 08:20:22,2026-03-05,08:20:22,08:40:04,8,rocket_missile,False,True,True,False,5,1182
2026-03-05 10:26:58,2026-03-05,10:26:58,10:31:02,10,rocket_missile,True,True,False,False,3,244
2026-03-05 10:41:31,2026-03-05,10:41:31,10:41:31,10,rocket_missile,True,True,False,False,1,0
2026-03-05 12:26:13,2026-03-05,12:26:13,12:26:13,12,rocket_missile,False,False,True,False,1,0
2026-03-05 12:40:22,2026-03-05,12:40:22,12:46:31,12,rocket_missile,False,False,True,False,2,369
2026-03-05 12:57:24,2026-03-05,12:57:24,12:57:24,12,rocket_missile,False,False,True,False,1,0
2026-03-05 13:47:19,2026-03-05,13:47:19,13:55:01,13,rocket_missile,True,True,False,True,3,462
2026-03-05 14:05:17,2026-03-05,14:05:17,14:05:17,14,rocket_missile,True,True,False,True,1,0
2026-03-05 14:20:01,2026-03-05,14:20:01,14:20:01,14,rocket_missile,False,False,True,False,1,0
2026-03-05 16:31:10,2026-03-05,16:31:10,16:35:05,16,rocket_missile,True,True,False,False,3,235
2026-03-05 16:44:12,2026-03-05,16:44:12,16:44:12,16,rocket_missile,False,True,False,True,1,0
2026-03-05 17:22:08,2026-03-05,17:22:08,17:22:08,17,hostile_aircraft,False,False,True,False,1,0
2026-03-05 17:31:36,2026-03-05,17:31:36,17:31:36,17,hostile_aircraft,False,False,True,False,1,0
2026-03-05 18:03:03,2026-03-05,18:03:03,18:09:26,18,rocket_missile,False,False,True,False,3,383
2026-03-05 18:17:45,2026-03-05,18:17:45,18:28:10,18,rocket_missile,False,False,True,False,4,625
2026-03-05 18:39:04,2026-03-05,18:39:04,18:39:04,18,hostile_aircraft,False,False,True,False,1,0
2026-03-05 20:08:21,2026-03-05,20:08:21,20:08:21,20,rocket_missile,False,False,True,False,1,0
2026-03-05 20:31:43,2026-03-05,20:31:43,20:35:44,20,rocket_missile,False,False,True,False,3,241
2026-03-05 20:46:35,2026-03-05,20:46:35,20:50:37,20,rocket_missile,False,False,True,False,2,242
2026-03-05 20:58:56,2026-03-05,20:58:56,21:02:56,20,rocket_missile,False,False,True,False,3,240
2026-03-05 22:03:15,2026-03-05,22:03:15,22:03:15,22,rocket_missile,False,False,True,False,1,0
2026-03-05 22:44:39,2026-03-05,22:44:39,23:06:38,22,rocket_missile,True,True,True,False,7,1319
2026-03-06 01:00:26,2026-03-06,01:00:26,01:00:26,1,rocket_missile,False,False,True,False,1,0
2026-03-06 01:33:24,2026-03-06,01:33:24,01:43:32,1,rocket_missile,False,False,True,False,4,608
2026-03-06 01:54:54,2026-03-06,01:54:54,01:54:54,1,hostile_aircraft,False,False,False,False,1,0
2026-03-06 02:14:51,2026-03-06,02:14:51,02:31:11,2,rocket_missile,False,False,True,False,4,980
2026-03-06 02:39:31,2026-03-06,02:39:31,02:39:31,2,rocket_missile,False,False,True,False,1,0
2026-03-06 06:15:43,2026-03-06,06:15:43,06:27:03,6,hostile_aircraft,False,False,True,False,3,680
2026-03-06 07:20:48,2026-03-06,07:20:48,07:26:49,7,hostile_aircraft,False,False,True,False,2,361
2026-03-06 07:49:38,2026-03-06,07:49:38,07:56:07,7,hostile_aircraft,False,False,True,False,3,389
2026-03-06 08:46:51,2026-03-06,08:46:51,08:46:51,8,rocket_missile,False,False,True,False,1,0
2026-03-06 10:16:53,2026-03-06,10:16:53,10:18:54,10,rocket_missile,True,True,False,False,2,121
2026-03-06 10:39:36,2026-03-06,10:39:36,10:42:39,10,rocket_missile,False,False,True,False,2,183
2026-03-06 12:04:01,2026-03-06,12:04:01,12:04:01,12,rocket_missile,False,True,False,False,1,0
2026-03-06 12:14:44,2026-03-06,12:14:44,12:14:44,12,rocket_missile,False,True,False,False,1,0
2026-03-06 12:28:21,2026-03-06,12:28:21,12:43:26,12,hostile_aircraft,False,False,True,False,6,905
2026-03-06 13:17:29,2026-03-06,13:17:29,13:34:11,13,rocket_missile,False,True,True,False,6,1002
2026-03-06 14:00:42,2026-03-06,14:00:42,14:00:42,14,rocket_missile,False,False,True,False,1,0
2026-03-06 14:38:53,2026-03-06,14:38:53,14:50:14,14,hostile_aircraft,False,False,True,False,5,681
2026-03-06 15:02:52,2026-03-06,15:02:52,15:09:29,15,hostile_aircraft,False,False,True,False,3,397
2026-03-06 15:40:28,2026-03-06,15:40:28,15:59:34,15,rocket_missile,False,False,True,False,8,1146
2026-03-06 16:09:22,2026-03-06,16:09:22,16:09:22,16,hostile_aircraft,False,False,True,False,1,0
2026-03-06 17:31:44,2026-03-06,17:31:44,17:31:44,17,rocket_missile,False,False,True,False,1,0
2026-03-06 17:47:28,2026-03-06,17:47:28,17:55:32,17,rocket_missile,False,False,True,False,5,484
2026-03-06 18:25:11,2026-03-06,18:25:11,18:25:11,18,hostile_aircraft,False,False,True,False,1,0
2026-03-06 18:36:17,2026-03-06,18:36:17,18:38:17,18,hostile_aircraft,False,False,True,False,2,120
2026-03-06 19:16:36,2026-03-06,19:16:36,19:24:04,19,rocket_missile,True,True,True,False,4,448
2026-03-06 19:34:27,2026-03-06,19:34:27,19:36:27,19,hostile_aircraft,True,True,True,False,2,120
2026-03-06 20:40:21,2026-03-06,20:40:21,20:42:21,20,rocket_missile,True,True,False,False,2,120
2026-03-06 21:56:55,2026-03-06,21:56:55,22:08:57,21,rocket_missile,True,True,True,False,7,722
2026-03-06 23:19:04,2026-03-06,23:19:04,23:19:04,23,rocket_missile,False,False,True,False,1,0
2026-03-06 23:38:21,2026-03-06,23:38:21,23:38:21,23,rocket_missile,False,False,True,False,1,0
2026-03-07 00:29:41,2026-03-07,00:29:41,00:40:02,0,rocket_missile,True,True,False,False,4,621
2026-03-07 00:58:22,2026-03-07,00:58:22,01:04:24,0,rocket_missile,False,False,True,False,4,362
2026-03-07 01:23:58,2026-03-07,01:23:58,01:23:58,1,rocket_missile,False,False,True,False,1,0
2026-03-07 03:39:32,2026-03-07,03:39:32,03:39:32,3,rocket_missile,False,False,True,False,1,0
2026-03-07 04:40:21,2026-03-07,04:40:21,04:40:21,4,rocket_missile,False,False,True,False,1,0
2026-03-07 05:01:18,2026-03-07,05:01:18,05:07:22,5,rocket_missile,True,True,False,False,4,364
2026-03-07 05:27:37,2026-03-07,05:27:37,05:50:19,5,rocket_missile,False,True,True,True,6,1362
2026-03-07 05:58:43,2026-03-07,05:58:43,06:04:43,5,rocket_missile,False,False,True,False,4,360
2026-03-07 06:24:00,2026-03-07,06:24:00,06:26:01,6,rocket_missile,True,True,False,False,2,121
2026-03-07 09:38:13,2026-03-07,09:38:13,09:38:13,9,rocket_missile,False,False,True,False,1,0
2026-03-07 11:23:09,2026-03-07,11:23:09,11:29:31,11,rocket_missile,True,True,True,True,3,382
2026-03-07 12:35:18,2026-03-07,12:35:18,12:35:18,12,rocket_missile,False,False,True,False,1,0
2026-03-07 13:07:25,2026-03-07,13:07:25,13:09:24,13,rocket_missile,False,False,True,False,2,119
2026-03-07 13:35:54,2026-03-07,13:35:54,13:35:54,13,rocket_missile,False,False,True,False,1,0
2026-03-07 13:52:21,2026-03-07,13:52:21,14:02:25,13,rocket_missile,False,False,True,False,5,604
2026-03-07 14:18:27,2026-03-07,14:18:27,14:18:27,14,rocket_missile,False,False,True,False,1,0
2026-03-07 14:47:24,2026-03-07,14:47:24,14:47:24,14,rocket_missile,False,False,True,False,1,0
2026-03-07 14:57:07,2026-03-07,14:57:07,15:01:22,14,rocket_missile,True,True,True,False,3,255
2026-03-07 15:09:46,2026-03-07,15:09:46,15:09:46,15,rocket_missile,True,True,True,False,1,0
2026-03-07 15:32:07,2026-03-07,15:32:07,15:34:07,15,rocket_missile,True,True,True,False,2,120
2026-03-07 16:21:27,2026-03-07,16:21:27,16:23:27,16,rocket_missile,False,False,True,False,2,120
2026-03-07 17:33:56,2026-03-07,17:33:56,17:39:58,17,rocket_missile,False,False,True,False,4,362
2026-03-07 18:44:56,2026-03-07,18:44:56,18:44:56,18,rocket_missile,False,False,True,False,1,0
2026-03-07 19:35:51,2026-03-07,19:35:51,19:35:51,19,rocket_missile,False,False,True,False,1,0
2026-03-07 19:58:37,2026-03-07,19:58:37,20:01:45,19,rocket_missile,False,False,True,False,2,188
2026-03-07 20:18:54,2026-03-07,20:18:54,20:18:54,20,rocket_missile,False,False,True,False,1,0
2026-03-07 20:31:37,2026-03-07,20:31:37,20:37:06,20,rocket_missile,True,True,True,True,3,329
2026-03-07 20:45:22,2026-03-07,20:45:22,21:01:16,20,rocket_missile,False,False,True,False,4,954
2026-03-07 21:10:14,2026-03-07,21:10:14,21:30:21,21,rocket_missile,False,False,True,False,5,1207
2026-03-07 21:46:28,2026-03-07,21:46:28,21:54:15,21,rocket_missile,True,True,True,False,3,467
2026-03-07 22:08:02,2026-03-07,22:08:02,22:15:08,22,rocket_missile,False,False,True,False,3,426
2026-03-07 22:43:02,2026-03-07,22:43:02,22:43:02,22,rocket_missile,False,False,True,False,1,0
2026-03-07 22:59:59,2026-03-07,22:59:59,23:09:29,22,rocket_missile,False,True,True,False,4,570
2026-03-07 23:19:35,2026-03-07,23:19:35,23:21:35,23,rocket_missile,False,False,True,False,2,120
2026-03-07 23:38:36,2026-03-07,23:38:36,23:38:36,23,rocket_missile,False,False,True,False,1,0
2026-03-08 01:11:26,2026-03-08,01:11:26,01:11:26,1,rocket_missile,False,False,True,False,1,0
2026-03-08 01:47:24,2026-03-08,01:47:24,01:47:24,1,rocket_missile,False,False,True,False,1,0
2026-03-08 02:20:03,2026-03-08,02:20:03,02:24:06,2,rocket_missile,False,False,True,False,3,243
2026-03-08 02:42:39,2026-03-08,02:42:39,02:42:39,2,rocket_missile,False,False,True,False,1,0
2026-03-08 03:08:43,2026-03-08,03:08:43,03:08:43,3,rocket_missile,False,False,True,False,1,0
2026-03-08 04:32:35,2026-03-08,04:32:35,04:34:35,4,hostile_aircraft,False,False,True,False,2,120
2026-03-08 05:45:13,2026-03-08,05:45:13,05:49:14,5,rocket_missile,False,True,True,False,3,241
2026-03-08 06:22:34,2026-03-08,06:22:34,06:22:34,6,rocket_missile,False,True,True,False,1,0
2026-03-08 06:35:00,2026-03-08,06:35:00,06:45:35,6,rocket_missile,False,False,True,False,4,635
2026-03-08 07:27:19,2026-03-08,07:27:19,07:29:20,7,rocket_missile,True,True,False,False,2,121
2026-03-08 07:38:09,2026-03-08,07:38:09,07:38:09,7,rocket_missile,True,True,True,False,1,0
2026-03-08 08:55:36,2026-03-08,08:55:36,09:16:53,8,rocket_missile,False,False,True,False,10,1277
2026-03-08 11:35:50,2026-03-08,11:35:50,11:37:49,11,hostile_aircraft,False,False,True,False,2,119
2026-03-08 12:04:51,2026-03-08,12:04:51,12:18:15,12,rocket_missile,False,False,True,False,5,804
2026-03-08 12:31:15,2026-03-08,12:31:15,12:31:15,12,rocket_missile,False,False,True,False,1,0
2026-03-08 13:32:43,2026-03-08,13:32:43,13:32:43,13,rocket_missile,False,False,True,False,1,0
2026-03-08 13:49:18,2026-03-08,13:49:18,13:51:18,13,rocket_missile,True,True,False,False,2,120
2026-03-08 14:01:24,2026-03-08,14:01:24,14:03:24,14,rocket_missile,True,True,True,False,2,120
2026-03-08 14:23:32,2026-03-08,14:23:32,14:37:36,14,rocket_missile,True,True,True,True,8,844
2026-03-08 14:46:55,2026-03-08,14:46:55,14:46:55,14,rocket_missile,False,False,True,False,1,0
2026-03-08 15:01:34,2026-03-08,15:01:34,15:01:34,15,rocket_missile,False,False,True,False,1,0
2026-03-08 15:58:19,2026-03-08,15:58:19,15:58:19,15,hostile_aircraft,False,False,True,False,1,0
2026-03-08 16:31:00,2026-03-08,16:31:00,16:31:00,16,rocket_missile,False,False,True,False,1,0
2026-03-08 16:42:15,2026-03-08,16:42:15,16:46:15,16,rocket_missile,True,True,True,True,3,240
2026-03-08 17:07:50,2026-03-08,17:07:50,17:07:50,17,rocket_missile,False,False,True,False,1,0
2026-03-08 17:35:30,2026-03-08,17:35:30,17:41:51,17,rocket_missile,False,False,True,False,4,381
2026-03-08 18:35:38,2026-03-08,18:35:38,18:50:54,18,rocket_missile,True,True,False,False,6,916
2026-03-08 23:31:33,2026-03-08,23:31:33,23:35:48,23,rocket_missile,False,False,True,False,3,255
2026-03-09 00:41:07,2026-03-09,00:41:07,00:41:07,0,rocket_missile,False,False,True,False,1,0
2026-03-09 01:13:15,2026-03-09,01:13:15,01:13:15,1,rocket_missile,False,False,True,False,1,0
2026-03-09 01:22:10,2026-03-09,01:22:10,01:22:10,1,rocket_missile,True,True,True,False,1,0
2026-03-09 01:35:28,2026-03-09,01:35:28,01:47:15,1,rocket_missile,True,True,True,False,4,707
2026-03-09 04:00:57,2026-03-09,04:00:57,04:02:58,4,rocket_missile,False,False,True,False,2,121
2026-03-09 05:46:28,2026-03-09,05:46:28,05:46:28,5,rocket_missile,False,False,True,False,1,0
2026-03-09 06:29:51,2026-03-09,06:29:51,06:29:51,6,rocket_missile,False,False,True,False,1,0
2026-03-09 08:14:54,2026-03-09,08:14:54,08:16:53,8,rocket_missile,False,True,True,False,2,119
2026-03-09 09:42:33,2026-03-09,09:42:33,09:42:33,9,rocket_missile,False,False,True,False,1,0
2026-03-09 10:19:04,2026-03-09,10:19:04,10:21:04,10,rocket_missile,False,True,True,False,2,120
2026-03-09 10:35:27,2026-03-09,10:35:27,10:44:48,10,rocket_missile,False,False,True,False,4,561
2026-03-09 11:15:07,2026-03-09,11:15:07,11:25:09,11,rocket_missile,True,True,True,False,6,602
2026-03-09 11:45:10,2026-03-09,11:45:10,11:45:10,11,rocket_missile,False,False,True,False,1,0
2026-03-09 12:17:31,2026-03-09,12:17:31,12:17:31,12,rocket_missile,False,False,True,False,1,0
2026-03-09 12:47:01,2026-03-09,12:47:01,12:49:01,12,rocket_missile,False,False,True,False,2,120
2026-03-09 14:52:56,2026-03-09,14:52:56,14:52:56,14,rocket_missile,False,False,True,False,1,0
2026-03-09 15:44:14,2026-03-09,15:44:14,15:49:57,15,rocket_missile,False,False,True,False,2,343
2026-03-09 16:17:52,2026-03-09,16:17:52,16:36:57,16,rocket_missile,True,True,True,False,7,1145
2026-03-09 17:00:50,2026-03-09,17:00:50,17:02:50,17,rocket_missile,True,True,True,False,2,120
2026-03-09 17:21:19,2026-03-09,17:21:19,17:21:19,17,rocket_missile,False,False,True,False,1,0
2026-03-09 17:48:43,2026-03-09,17:48:43,17:50:45,17,rocket_missile,False,False,False,False,2,122
2026-03-09 18:31:24,2026-03-09,18:31:24,18:31:24,18,rocket_missile,False,False,True,False,1,0
2026-03-09 19:27:39,2026-03-09,19:27:39,19:27:39,19,rocket_missile,False,False,True,False,1,0
2026-03-09 20:52:41,2026-03-09,20:52:41,21:00:01,20,rocket_missile,False,False,True,False,3,440
2026-03-09 21:38:01,2026-03-09,21:38:01,21:42:14,21,rocket_missile,True,True,True,False,3,253
2026-03-09 23:29:47,2026-03-09,23:29:47,23:29:47,23,rocket_missile,False,False,True,False,1,0
2026-03-09 23:59:17,2026-03-09,23:59:17,00:07:57,23,rocket_missile,False,False,True,False,4,520
2026-03-10 00:36:20,2026-03-10,00:36:20,00:36:20,0,rocket_missile,False,False,True,False,1,0
2026-03-10 00:58:21,2026-03-10,00:58:21,01:06:41,0,rocket_missile,False,False,True,False,5,500
2026-03-10 01:37:22,2026-03-10,01:37:22,01:45:24,1,rocket_missile,False,False,True,False,5,482
2026-03-10 01:54:00,2026-03-10,01:54:00,01:54:00,1,rocket_missile,False,False,True,False,1,0
2026-03-10 02:42:03,2026-03-10,02:42:03,02:42:03,2,rocket_missile,False,False,True,False,1,0
2026-03-10 03:50:09,2026-03-10,03:50:09,03:55:11,3,rocket_missile,False,False,True,False,2,302
2026-03-10 07:12:46,2026-03-10,07:12:46,07:12:46,7,rocket_missile,False,False,True,False,1,0
2026-03-10 09:59:12,2026-03-10,09:59:12,10:03:16,9,rocket_missile,True,True,False,True,3,244
2026-03-10 13:28:56,2026-03-10,13:28:56,13:40:35,13,rocket_missile,False,False,True,False,4,699
2026-03-10 14:27:23,2026-03-10,14:27:23,14:29:22,14,rocket_missile,True,True,False,True,2,119
2026-03-10 14:47:30,2026-03-10,14:47:30,14:49:31,14,rocket_missile,False,False,True,False,2,121
2026-03-10 15:10:18,2026-03-10,15:10:18,15:16:05,15,rocket_missile,False,False,True,False,2,347
2026-03-10 15:35:36,2026-03-10,15:35:36,15:35:36,15,rocket_missile,False,False,True,False,1,0
2026-03-10 16:31:33,2026-03-10,16:31:33,16:38:58,16,rocket_missile,False,False,True,False,2,445
2026-03-10 17:12:43,2026-03-10,17:12:43,17:14:43,17,rocket_missile,False,True,True,True,2,120
2026-03-10 17:43:40,2026-03-10,17:43:40,17:43:40,17,rocket_missile,False,False,True,False,1,0
2026-03-10 18:29:43,2026-03-10,18:29:43,18:29:43,18,rocket_missile,False,False,True,False,1,0
2026-03-10 19:29:44,2026-03-10,19:29:44,19:33:44,19,rocket_missile,False,False,True,False,3,240
2026-03-10 19:47:50,2026-03-10,19:47:50,19:49:52,19,rocket_missile,True,True,False,False,2,122
2026-03-10 20:08:07,2026-03-10,20:08:07,20:08:07,20,rocket_missile,False,False,True,False,1,0
2026-03-10 21:06:59,2026-03-10,21:06:59,21:15:39,21,rocket_missile,False,False,True,False,4,520
2026-03-10 23:36:17,2026-03-10,23:36:17,23:38:17,23,rocket_missile,True,True,False,True,2,120
2026-03-11 00:55:37,2026-03-11,00:55:37,00:57:50,0,rocket_missile,False,True,False,True,2,133
2026-03-11 01:08:36,2026-03-11,01:08:36,01:17:14,1,rocket_missile,True,True,True,True,5,518
2026-03-11 01:38:03,2026-03-11,01:38:03,01:38:03,1,rocket_missile,False,False,True,False,1,0
2026-03-11 03:47:48,2026-03-11,03:47:48,03:51:50,3,rocket_missile,True,True,False,False,3,242
2026-03-11 04:19:19,2026-03-11,04:19:19,04:21:20,4,rocket_missile,False,False,True,False,2,121
2026-03-11 04:38:32,2026-03-11,04:38:32,04:40:32,4,rocket_missile,True,True,False,False,2,120
2026-03-11 05:12:45,2026-03-11,05:12:45,05:12:45,5,hostile_aircraft,False,False,True,False,1,0
2026-03-11 07:38:26,2026-03-11,07:38:26,07:38:26,7,hostile_aircraft,False,False,True,False,1,0
2026-03-11 08:43:29,2026-03-11,08:43:29,08:45:29,8,hostile_aircraft,False,False,True,False,2,120
2026-03-11 13:40:50,2026-03-11,13:40:50,13:53:58,13,rocket_missile,True,True,True,False,7,788
2026-03-11 14:38:13,2026-03-11,14:38:13,14:38:13,14,rocket_missile,False,False,True,False,1,0
2026-03-11 17:43:21,2026-03-11,17:43:21,17:45:21,17,rocket_missile,False,False,True,False,2,120
2026-03-11 19:46:30,2026-03-11,19:46:30,20:03:57,19,rocket_missile,True,True,True,True,6,1047
2026-03-11 20:17:38,2026-03-11,20:17:38,21:03:02,20,rocket_missile,False,True,True,False,20,2724
2026-03-11 21:16:09,2026-03-11,21:16:09,21:16:09,21,unknown,False,False,True,False,1,0
2026-03-11 21:27:41,2026-03-11,21:27:41,22:07:11,21,rocket_missile,False,False,True,False,14,2370
2026-03-11 22:18:10,2026-03-11,22:18:10,23:22:51,22,rocket_missile,False,False,True,False,26,3881
2026-03-12 00:24:47,2026-03-12,00:24:47,00:36:30,0,rocket_missile,True,True,True,True,5,703
2026-03-12 00:49:33,2026-03-12,00:49:33,01:05:02,0,rocket_missile,False,False,True,False,5,929
2026-03-12 01:27:17,2026-03-12,01:27:17,01:29:17,1,hostile_aircraft,False,False,True,False,2,120
2026-03-12 04:05:28,2026-03-12,04:05:28,04:05:28,4,rocket_missile,False,True,False,False,1,0
2026-03-12 04:13:29,2026-03-12,04:13:29,04:17:29,4,rocket_missile,True,True,True,False,3,240
2026-03-12 06:34:49,2026-03-12,06:34:49,06:34:49,6,rocket_missile,False,False,True,False,1,0
2026-03-12 09:26:13,2026-03-12,09:26:13,09:28:13,9,rocket_missile,False,True,False,True,2,120
2026-03-12 12:11:29,2026-03-12,12:11:29,12:13:28,12,hostile_aircraft,False,False,True,False,2,119
2026-03-12 12:26:53,2026-03-12,12:26:53,12:26:53,12,rocket_missile,False,False,True,False,1,0
2026-03-12 13:20:28,2026-03-12,13:20:28,13:20:28,13,rocket_missile,False,False,True,False,1,0
2026-03-12 13:29:15,2026-03-12,13:29:15,13:38:31,13,rocket_missile,False,False,True,False,3,556
2026-03-12 14:27:35,2026-03-12,14:27:35,14:27:35,14,rocket_missile,False,False,True,False,1,0
2026-03-12 14:54:10,2026-03-12,14:54:10,15:05:42,14,rocket_missile,True,True,True,False,4,692
2026-03-12 15:29:27,2026-03-12,15:29:27,15:36:32,15,rocket_missile,False,False,True,False,2,425
2026-03-12 16:43:56,2026-03-12,16:43:56,16:45:56,16,hostile_aircraft,False,False,True,False,2,120
2026-03-12 17:02:26,2026-03-12,17:02:26,17:20:38,17,rocket_missile,False,False,True,False,9,1092
2026-03-12 17:42:52,2026-03-12,17:42:52,17:42:52,17,hostile_aircraft,False,False,True,False,1,0
2026-03-12 18:22:51,2026-03-12,18:22:51,18:22:51,18,rocket_missile,False,False,True,False,1,0
2026-03-12 19:57:00,2026-03-12,19:57:00,19:57:00,19,rocket_missile,False,False,True,False,1,0
2026-03-12 20:16:16,2026-03-12,20:16:16,20:16:16,20,rocket_missile,False,False,True,False,1,0
2026-03-12 20:28:37,2026-03-12,20:28:37,20:28:37,20,rocket_missile,False,False,True,False,1,0
2026-03-12 21:25:14,2026-03-12,21:25:14,21:25:14,21,rocket_missile,False,False,True,False,1,0
2026-03-12 21:43:02,2026-03-12,21:43:02,21:43:02,21,rocket_missile,True,True,False,False,1,0
2026-03-12 22:22:57,2026-03-12,22:22:57,22:22:57,22,rocket_missile,False,False,True,False,1,0
2026-03-13 00:21:06,2026-03-13,00:21:06,00:21:06,0,rocket_missile,False,False,True,False,1,0
2026-03-13 00:38:50,2026-03-13,00:38:50,00:38:50,0,hostile_aircraft,False,False,True,False,1,0
2026-03-13 01:53:19,2026-03-13,01:53:19,01:55:20,1,rocket_missile,False,False,True,False,2,121
2026-03-13 02:23:08,2026-03-13,02:23:08,02:37:51,2,rocket_missile,False,False,True,False,4,883
2026-03-13 02:55:24,2026-03-13,02:55:24,03:05:27,2,hostile_aircraft,False,False,True,False,6,603
2026-03-13 03:21:26,2026-03-13,03:21:26,03:21:26,3,rocket_missile,False,False,True,False,1,0
2026-03-13 06:06:33,2026-03-13,06:06:33,06:06:33,6,rocket_missile,False,False,True,False,1,0
2026-03-13 08:07:21,2026-03-13,08:07:21,08:07:21,8,rocket_missile,False,True,False,False,1,0
2026-03-13 10:49:20,2026-03-13,10:49:20,10:51:22,10,rocket_missile,False,False,True,False,2,122
2026-03-13 11:55:37,2026-03-13,11:55:37,11:55:37,11,rocket_missile,False,False,True,False,1,0
2026-03-13 12:08:52,2026-03-13,12:08:52,12:10:52,12,rocket_missile,False,False,True,False,2,120
2026-03-13 12:31:53,2026-03-13,12:31:53,12:31:53,12,rocket_missile,False,False,True,False,1,0
2026-03-13 12:56:50,2026-03-13,12:56:50,12:56:50,12,rocket_missile,False,False,True,False,1,0
2026-03-13 13:34:14,2026-03-13,13:34:14,13:39:07,13,rocket_missile,False,True,True,True,3,293
2026-03-13 14:29:55,2026-03-13,14:29:55,14:29:55,14,rocket_missile,False,False,True,False,1,0
2026-03-13 14:56:25,2026-03-13,14:56:25,14:56:25,14,rocket_missile,False,False,True,False,1,0
2026-03-13 15:10:10,2026-03-13,15:10:10,15:10:10,15,rocket_missile,False,False,True,False,1,0
2026-03-13 15:23:51,2026-03-13,15:23:51,15:27:22,15,rocket_missile,False,False,True,False,2,211
2026-03-13 16:55:35,2026-03-13,16:55:35,16:55:35,16,rocket_missile,False,False,True,False,1,0
2026-03-13 17:05:10,2026-03-13,17:05:10,17:07:11,17,rocket_missile,True,True,True,False,2,121
2026-03-13 17:30:45,2026-03-13,17:30:45,17:42:19,17,rocket_missile,False,False,True,False,4,694
2026-03-13 18:05:32,2026-03-13,18:05:32,18:07:33,18,hostile_aircraft,False,False,True,False,2,121
2026-03-13 18:45:28,2026-03-13,18:45:28,18:45:28,18,rocket_missile,False,False,True,False,1,0
2026-03-13 19:30:21,2026-03-13,19:30:21,19:32:22,19,rocket_missile,True,True,False,False,2,121
2026-03-13 21:19:53,2026-03-13,21:19:53,21:19:53,21,rocket_missile,False,False,True,False,1,0
2026-03-13 21:34:13,2026-03-13,21:34:13,21:34:13,21,rocket_missile,False,False,True,False,1,0
2026-03-13 22:30:08,2026-03-13,22:30:08,22:30:08,22,hostile_aircraft,False,False,True,False,1,0
2026-03-13 23:15:35,2026-03-13,23:15:35,23:23:13,23,rocket_missile,True,True,False,True,2,458
2026-03-14 00:34:23,2026-03-14,00:34:23,00:36:23,0,hostile_aircraft,False,False,True,False,2,120
2026-03-14 02:26:34,2026-03-14,02:26:34,02:36:33,2,rocket_missile,False,False,True,False,5,599
2026-03-14 03:46:22,2026-03-14,03:46:22,03:46:22,3,rocket_missile,False,False,True,False,1,0
2026-03-14 04:22:27,2026-03-14,04:22:27,04:22:27,4,rocket_missile,False,False,True,False,1,0
2026-03-14 04:43:52,2026-03-14,04:43:52,04:43:52,4,rocket_missile,False,False,True,False,1,0
2026-03-14 05:12:11,2026-03-14,05:12:11,05:12:11,5,rocket_missile,False,False,True,False,1,0
2026-03-14 06:51:27,2026-03-14,06:51:27,06:55:31,6,hostile_aircraft,False,False,True,False,2,244
2026-03-14 07:56:25,2026-03-14,07:56:25,07:56:25,7,rocket_missile,False,False,True,False,1,0
2026-03-14 08:47:34,2026-03-14,08:47:34,08:47:34,8,rocket_missile,False,False,True,False,1,0
2026-03-14 09:56:09,2026-03-14,09:56:09,09:56:09,9,rocket_missile,False,False,True,False,1,0
2026-03-14 10:16:40,2026-03-14,10:16:40,10:16:40,10,rocket_missile,False,False,True,False,1,0
2026-03-14 12:02:17,2026-03-14,12:02:17,12:04:17,12,rocket_missile,False,False,True,False,2,120
2026-03-14 12:27:51,2026-03-14,12:27:51,12:27:51,12,rocket_missile,False,False,True,False,1,0
2026-03-14 12:47:06,2026-03-14,12:47:06,12:47:06,12,rocket_missile,False,True,False,False,1,0
2026-03-14 13:40:35,2026-03-14,13:40:35,13:45:50,13,rocket_missile,False,False,True,False,2,315
2026-03-14 14:05:32,2026-03-14,14:05:32,14:05:32,14,rocket_missile,False,False,True,False,1,0
2026-03-14 14:43:31,2026-03-14,14:43:31,14:45:32,14,rocket_missile,True,True,False,False,2,121
2026-03-14 15:02:32,2026-03-14,15:02:32,15:04:31,15,rocket_missile,False,True,True,True,2,119
2026-03-14 15:31:03,2026-03-14,15:31:03,15:38:49,15,rocket_missile,False,False,True,False,2,466
2026-03-14 15:57:42,2026-03-14,15:57:42,16:07:15,15,rocket_missile,False,False,True,False,5,573
2026-03-14 16:29:05,2026-03-14,16:29:05,16:38:39,16,rocket_missile,True,True,False,True,5,574
2026-03-14 17:00:40,2026-03-14,17:00:40,17:02:41,17,rocket_missile,False,False,True,False,2,121
2026-03-14 17:30:02,2026-03-14,17:30:02,17:30:02,17,rocket_missile,False,False,True,False,1,0
2026-03-14 17:53:46,2026-03-14,17:53:46,18:16:59,17,rocket_missile,False,False,True,False,12,1393
2026-03-14 18:44:45,2026-03-14,18:44:45,18:44:45,18,rocket_missile,False,False,True,False,1,0
2026-03-14 19:12:00,2026-03-14,19:12:00,19:14:18,19,rocket_missile,False,False,True,False,2,138
2026-03-14 21:16:46,2026-03-14,21:16:46,21:18:46,21,rocket_missile,False,False,True,False,2,120
2026-03-14 22:21:01,2026-03-14,22:21:01,22:24:15,22,rocket_missile,False,False,True,False,2,194
2026-03-15 01:21:03,2026-03-15,01:21:03,01:21:03,1,rocket_missile,False,True,False,False,1,0
2026-03-15 02:21:06,2026-03-15,02:21:06,02:36:40,2,rocket_missile,True,True,True,False,7,934
2026-03-15 02:58:55,2026-03-15,02:58:55,03:05:42,2,rocket_missile,False,False,True,False,2,407
2026-03-15 05:36:53,2026-03-15,05:36:53,05:38:52,5,rocket_missile,False,True,False,True,2,119
2026-03-15 06:19:48,2026-03-15,06:19:48,06:30:31,6,rocket_missile,True,True,False,False,4,643
2026-03-15 06:43:29,2026-03-15,06:43:29,06:45:58,6,rocket_missile,False,True,False,False,2,149
2026-03-15 08:19:45,2026-03-15,08:19:45,08:19:45,8,rocket_missile,False,False,True,False,1,0
2026-03-15 08:38:03,2026-03-15,08:38:03,08:40:02,8,rocket_missile,False,True,True,False,2,119
2026-03-15 08:54:22,2026-03-15,08:54:22,08:59:15,8,rocket_missile,False,False,True,False,2,293
2026-03-15 09:27:24,2026-03-15,09:27:24,09:27:24,9,rocket_missile,False,False,True,False,1,0
2026-03-15 09:39:49,2026-03-15,09:39:49,09:39:49,9,hostile_aircraft,False,False,True,False,1,0
2026-03-15 11:40:24,2026-03-15,11:40:24,11:40:24,11,rocket_missile,False,True,False,False,1,0
2026-03-15 11:49:07,2026-03-15,11:49:07,11:51:08,11,rocket_missile,True,True,False,False,2,121
2026-03-15 12:00:19,2026-03-15,12:00:19,12:00:19,12,rocket_missile,True,True,True,False,1,0
2026-03-15 12:27:38,2026-03-15,12:27:38,12:27:38,12,rocket_missile,False,False,True,False,1,0
2026-03-15 12:37:14,2026-03-15,12:37:14,12:37:14,12,rocket_missile,False,False,True,False,1,0
2026-03-15 13:10:15,2026-03-15,13:10:15,13:22:17,13,rocket_missile,True,True,True,False,6,722
2026-03-15 13:46:22,2026-03-15,13:46:22,13:46:22,13,rocket_missile,False,False,True,False,1,0
2026-03-15 13:56:20,2026-03-15,13:56:20,13:56:20,13,rocket_missile,False,False,True,False,1,0
2026-03-15 14:18:34,2026-03-15,14:18:34,14:18:34,14,rocket_missile,False,False,True,False,1,0
2026-03-15 15:43:40,2026-03-15,15:43:40,15:43:40,15,rocket_missile,False,False,True,False,1,0
2026-03-15 17:05:35,2026-03-15,17:05:35,17:05:35,17,rocket_missile,False,False,True,False,1,0
2026-03-15 17:59:12,2026-03-15,17:59:12,17:59:12,17,rocket_missile,False,False,True,False,1,0
2026-03-15 18:07:39,2026-03-15,18:07:39,18:11:09,18,rocket_missile,False,False,True,False,2,210
2026-03-15 19:03:09,2026-03-15,19:03:09,19:07:10,19,rocket_missile,False,False,True,False,3,241
2026-03-15 20:13:46,2026-03-15,20:13:46,20:13:46,20,hostile_aircraft,False,False,True,False,1,0
2026-03-15 21:48:04,2026-03-15,21:48:04,21:48:04,21,rocket_missile,False,False,True,False,1,0
2026-03-15 22:25:41,2026-03-15,22:25:41,22:25:41,22,rocket_missile,False,False,True,False,1,0
2026-03-15 22:58:36,2026-03-15,22:58:36,22:58:36,22,rocket_missile,False,False,True,False,1,0
2026-03-16 00:34:08,2026-03-16,00:34:08,00:34:08,0,rocket_missile,False,False,True,False,1,0
2026-03-16 01:30:15,2026-03-16,01:30:15,01:30:15,1,rocket_missile,True,True,False,False,1,0
2026-03-16 02:28:49,2026-03-16,02:28:49,02:30:55,2,rocket_missile,False,False,True,False,2,126
2026-03-16 02:40:24,2026-03-16,02:40:24,02:58:49,2,rocket_missile,False,True,True,False,8,1105
2026-03-16 05:34:24,2026-03-16,05:34:24,05:36:25,5,rocket_missile,False,False,True,False,2,121
2026-03-16 09:51:43,2026-03-16,09:51:43,09:51:43,9,rocket_missile,False,False,True,False,1,0
2026-03-16 10:49:25,2026-03-16,10:49:25,10:49:25,10,rocket_missile,False,False,True,False,1,0
2026-03-16 11:46:34,2026-03-16,11:46:34,11:46:34,11,rocket_missile,False,False,True,False,1,0
2026-03-16 12:05:13,2026-03-16,12:05:13,12:15:19,12,rocket_missile,False,True,True,True,6,606
2026-03-16 12:38:16,2026-03-16,12:38:16,12:38:16,12,rocket_missile,False,False,True,False,1,0
2026-03-16 13:50:38,2026-03-16,13:50:38,13:50:38,13,rocket_missile,False,False,True,False,1,0
2026-03-16 14:18:56,2026-03-16,14:18:56,14:20:55,14,rocket_missile,False,False,True,False,2,119
2026-03-16 14:39:17,2026-03-16,14:39:17,14:39:17,14,rocket_missile,False,False,True,False,1,0
2026-03-16 15:04:02,2026-03-16,15:04:02,15:06:01,15,rocket_missile,False,True,False,True,2,119
2026-03-16 16:00:46,2026-03-16,16:00:46,16:00:46,16,rocket_missile,False,False,True,False,1,0
2026-03-16 16:21:52,2026-03-16,16:21:52,16:23:52,16,rocket_missile,False,False,True,False,2,120
2026-03-16 16:45:55,2026-03-16,16:45:55,16:48:34,16,rocket_missile,False,False,True,False,2,159
2026-03-16 17:11:34,2026-03-16,17:11:34,17:13:35,17,rocket_missile,False,False,True,False,2,121
2026-03-16 18:10:22,2026-03-16,18:10:22,18:21:02,18,rocket_missile,False,False,True,False,6,640
2026-03-16 20:04:40,2026-03-16,20:04:40,20:06:39,20,hostile_aircraft,False,False,True,False,2,119
2026-03-16 21:00:32,2026-03-16,21:00:32,21:10:35,21,rocket_missile,True,True,False,False,6,603
2026-03-16 22:00:37,2026-03-16,22:00:37,22:08:14,22,rocket_missile,False,False,True,False,2,457
2026-03-16 22:20:24,2026-03-16,22:20:24,22:22:23,22,rocket_missile,True,True,False,False,2,119
2026-03-17 01:02:40,2026-03-17,01:02:40,01:04:42,1,rocket_missile,False,False,True,False,2,122
2026-03-17 03:35:48,2026-03-17,03:35:48,03:37:48,3,rocket_missile,True,True,True,False,2,120
2026-03-17 04:40:24,2026-03-17,04:40:24,04:40:24,4,rocket_missile,False,False,True,False,1,0
2026-03-17 05:12:35,2026-03-17,05:12:35,05:12:35,5,rocket_missile,False,False,True,False,1,0
2026-03-17 05:30:27,2026-03-17,05:30:27,05:30:27,5,hostile_aircraft,False,False,True,False,1,0
2026-03-17 06:17:23,2026-03-17,06:17:23,06:17:23,6,rocket_missile,False,False,True,False,1,0
2026-03-17 08:30:44,2026-03-17,08:30:44,08:32:44,8,rocket_missile,False,False,True,False,2,120
2026-03-17 08:46:28,2026-03-17,08:46:28,08:46:28,8,rocket_missile,False,False,True,False,1,0
2026-03-17 09:36:25,2026-03-17,09:36:25,09:36:25,9,rocket_missile,False,False,True,False,1,0
2026-03-17 11:49:50,2026-03-17,11:49:50,11:49:50,11,rocket_missile,False,False,True,False,1,0
2026-03-17 12:36:27,2026-03-17,12:36:27,12:38:26,12,rocket_missile,True,True,False,False,2,119
2026-03-17 13:56:40,2026-03-17,13:56:40,13:56:40,13,rocket_missile,True,True,False,False,1,0
2026-03-17 14:54:06,2026-03-17,14:54:06,14:54:06,14,hostile_aircraft,False,False,True,False,1,0
2026-03-17 15:29:24,2026-03-17,15:29:24,15:31:26,15,rocket_missile,False,True,True,True,2,122
2026-03-17 17:43:53,2026-03-17,17:43:53,17:45:53,17,rocket_missile,True,True,True,False,2,120
2026-03-17 18:09:31,2026-03-17,18:09:31,18:11:32,18,rocket_missile,False,True,False,False,2,121
2026-03-17 20:29:48,2026-03-17,20:29:48,20:38:39,20,rocket_missile,False,False,True,False,5,531
2026-03-17 20:46:51,2026-03-17,20:46:51,21:17:39,20,rocket_missile,False,False,True,False,12,1848
2026-03-17 21:31:56,2026-03-17,21:31:56,21:31:56,21,rocket_missile,False,False,True,False,1,0
2026-03-17 21:44:13,2026-03-17,21:44:13,21:46:14,21,rocket_missile,False,True,False,False,2,121
2026-03-17 23:39:08,2026-03-17,23:39:08,23:39:08,23,rocket_missile,False,False,True,False,1,0
2026-03-18 00:16:17,2026-03-18,00:16:17,00:22:18,0,rocket_missile,True,True,False,True,4,361
2026-03-18 00:31:00,2026-03-18,00:31:00,00:33:03,0,rocket_missile,False,True,False,True,2,123
2026-03-18 01:57:13,2026-03-18,01:57:13,01:57:13,1,rocket_missile,False,False,True,False,1,0
2026-03-18 03:56:42,2026-03-18,03:56:42,03:56:42,3,rocket_missile,False,True,False,False,1,0
2026-03-18 04:39:00,2026-03-18,04:39:00,04:41:01,4,rocket_missile,True,True,False,False,2,121
2026-03-18 07:56:29,2026-03-18,07:56:29,07:58:28,7,rocket_missile,False,True,False,True,2,119
2026-03-18 10:42:52,2026-03-18,10:42:52,10:42:52,10,rocket_missile,False,False,True,False,1,0
2026-03-18 11:05:44,2026-03-18,11:05:44,11:07:44,11,rocket_missile,False,False,True,False,2,120
2026-03-18 13:17:59,2026-03-18,13:17:59,13:20:00,13,rocket_missile,False,False,True,False,2,121
2026-03-18 14:09:17,2026-03-18,14:09:17,14:09:17,14,rocket_missile,False,False,True,False,1,0
2026-03-18 15:05:34,2026-03-18,15:05:34,15:05:34,15,rocket_missile,False,False,True,False,1,0
2026-03-18 15:39:22,2026-03-18,15:39:22,15:39:22,15,rocket_missile,True,True,False,False,1,0
2026-03-18 16:31:59,2026-03-18,16:31:59,16:47:22,16,rocket_missile,False,True,True,False,8,923
2026-03-18 17:48:22,2026-03-18,17:48:22,17:54:40,17,rocket_missile,False,False,True,False,3,378
2026-03-18 20:11:30,2026-03-18,20:11:30,20:15:43,20,rocket_missile,False,False,True,False,3,253
2026-03-18 20:29:50,2026-03-18,20:29:50,20:55:54,20,rocket_missile,False,True,True,False,8,1564
2026-03-18 21:29:29,2026-03-18,21:29:29,21:38:35,21,rocket_missile,False,False,True,False,5,546
2026-03-18 21:47:24,2026-03-18,21:47:24,21:47:24,21,rocket_missile,False,False,True,False,1,0
2026-03-18 22:07:42,2026-03-18,22:07:42,22:11:43,22,rocket_missile,False,True,True,False,3,241
2026-03-18 23:22:27,2026-03-18,23:22:27,23:22:27,23,rocket_missile,False,False,True,False,1,0
2026-03-18 23:35:15,2026-03-18,23:35:15,23:44:29,23,rocket_missile,True,True,True,False,3,554
2026-03-18 23:58:45,2026-03-18,23:58:45,00:04:20,23,rocket_missile,False,False,True,False,2,335
2026-03-19 00:44:32,2026-03-19,00:44:32,00:44:32,0,rocket_missile,False,False,True,False,1,0
2026-03-19 01:01:27,2026-03-19,01:01:27,01:01:27,1,rocket_missile,False,False,True,False,1,0
2026-03-19 02:33:34,2026-03-19,02:33:34,02:33:34,2,rocket_missile,False,False,True,False,1,0
2026-03-19 03:16:20,2026-03-19,03:16:20,03:16:20,3,rocket_missile,True,True,False,False,1,0
2026-03-19 04:13:18,2026-03-19,04:13:18,04:13:18,4,rocket_missile,False,False,True,False,1,0
2026-03-19 04:27:21,2026-03-19,04:27:21,04:27:21,4,rocket_missile,False,False,True,False,1,0
2026-03-19 04:45:00,2026-03-19,04:45:00,04:47:00,4,rocket_missile,False,False,True,False,2,120
2026-03-19 05:23:09,2026-03-19,05:23:09,05:25:10,5,rocket_missile,False,False,True,False,2,121
2026-03-19 05:46:27,2026-03-19,05:46:27,05:48:54,5,rocket_missile,False,False,True,False,2,147
2026-03-19 06:54:01,2026-03-19,06:54:01,06:54:01,6,rocket_missile,True,True,False,False,1,0
2026-03-19 07:34:55,2026-03-19,07:34:55,07:36:56,7,rocket_missile,False,False,True,False,2,121
2026-03-19 10:02:43,2026-03-19,10:02:43,10:02:43,10,rocket_missile,False,False,True,False,1,0
2026-03-19 10:52:41,2026-03-19,10:52:41,10:54:42,10,rocket_missile,True,True,False,False,2,121
2026-03-19 11:43:33,2026-03-19,11:43:33,11:45:33,11,rocket_missile,False,True,True,True,2,120
2026-03-19 11:59:49,2026-03-19,11:59:49,11:59:49,11,rocket_missile,False,False,True,False,1,0
2026-03-19 12:26:36,2026-03-19,12:26:36,12:26:36,12,rocket_missile,False,False,True,False,1,0
2026-03-19 13:57:17,2026-03-19,13:57:17,13:57:17,13,rocket_missile,False,False,True,False,1,0
2026-03-19 15:24:13,2026-03-19,15:24:13,15:26:14,15,rocket_missile,False,False,True,False,2,121
2026-03-19 16:07:48,2026-03-19,16:07:48,16:07:48,16,rocket_missile,False,False,True,False,1,0
2026-03-19 16:30:38,2026-03-19,16:30:38,16:30:38,16,rocket_missile,False,False,True,False,1,0
2026-03-19 16:41:33,2026-03-19,16:41:33,16:51:48,16,rocket_missile,False,True,True,True,5,615
2026-03-19 17:13:18,2026-03-19,17:13:18,17:13:18,17,rocket_missile,False,False,True,False,1,0
2026-03-19 17:39:03,2026-03-19,17:39:03,17:39:03,17,rocket_missile,False,False,True,False,1,0
2026-03-19 18:16:00,2026-03-19,18:16:00,18:16:02,18,hostile_aircraft,False,False,True,False,2,2
2026-03-19 18:48:37,2026-03-19,18:48:37,18:50:37,18,rocket_missile,False,False,False,False,2,120
2026-03-19 19:00:18,2026-03-19,19:00:18,19:00:18,19,rocket_missile,False,False,False,False,1,0
2026-03-19 20:32:28,2026-03-19,20:32:28,20:33:04,20,rocket_missile,False,False,False,False,2,36
2026-03-19 20:44:09,2026-03-19,20:44:09,21:04:13,20,rocket_missile,False,False,True,False,27,1204
2026-03-19 21:14:03,2026-03-19,21:14:03,21:14:03,21,hostile_aircraft,False,False,False,False,1,0
2026-03-19 21:37:32,2026-03-19,21:37:32,21:37:32,21,hostile_aircraft,False,False,False,False,1,0
2026-03-19 23:51:22,2026-03-19,23:51:22,23:51:22,23,rocket_missile,False,True,False,True,1,0
2026-03-20 00:06:06,2026-03-20,00:06:06,00:19:38,0,rocket_missile,False,True,True,True,5,812
2026-03-20 01:19:09,2026-03-20,01:19:09,01:19:09,1,rocket_missile,False,False,True,False,1,0
2026-03-20 01:43:26,2026-03-20,01:43:26,01:43:26,1,rocket_missile,False,False,True,False,1,0
2026-03-20 02:47:01,2026-03-20,02:47:01,02:51:05,2,rocket_missile,False,False,True,False,3,244
2026-03-20 08:12:07,2026-03-20,08:12:07,08:12:07,8,rocket_missile,True,False,False,False,1,0
2026-03-20 08:46:56,2026-03-20,08:46:56,08:48:56,8,rocket_missile,False,True,False,False,2,120
2026-03-20 09:08:44,2026-03-20,09:08:44,09:08:44,9,rocket_missile,False,False,True,False,1,0
2026-03-20 09:21:31,2026-03-20,09:21:31,09:21:31,9,rocket_missile,False,False,True,False,1,0
2026-03-20 10:40:52,2026-03-20,10:40:52,10:42:53,10,rocket_missile,False,True,False,True,2,121
2026-03-20 10:55:34,2026-03-20,10:55:34,10:59:46,10,rocket_missile,False,True,True,False,3,252
2026-03-20 11:15:45,2026-03-20,11:15:45,11:23:46,11,hostile_aircraft,False,False,True,False,5,481
2026-03-20 11:39:59,2026-03-20,11:39:59,11:39:59,11,rocket_missile,False,False,True,False,1,0
2026-03-20 12:10:29,2026-03-20,12:10:29,12:22:14,12,rocket_missile,False,False,True,False,3,705
2026-03-20 12:33:27,2026-03-20,12:33:27,12:33:27,12,rocket_missile,False,False,True,False,1,0
2026-03-20 12:57:37,2026-03-20,12:57:37,13:02:49,12,rocket_missile,False,True,True,False,3,312
2026-03-20 13:15:38,2026-03-20,13:15:38,13:17:39,13,rocket_missile,True,True,True,True,2,121
2026-03-20 13:31:01,2026-03-20,13:31:01,13:31:01,13,rocket_missile,False,False,True,False,1,0
2026-03-20 13:49:04,2026-03-20,13:49:04,14:08:14,13,rocket_missile,True,True,True,True,7,1150
2026-03-20 15:01:57,2026-03-20,15:01:57,15:01:57,15,rocket_missile,False,False,True,False,1,0
2026-03-20 15:17:03,2026-03-20,15:17:03,15:21:05,15,rocket_missile,False,False,True,False,3,242
2026-03-20 15:29:09,2026-03-20,15:29:09,15:29:09,15,rocket_missile,False,False,True,False,1,0
2026-03-20 15:43:28,2026-03-20,15:43:28,15:53:30,15,rocket_missile,False,False,True,False,6,602
2026-03-20 16:08:57,2026-03-20,16:08:57,16:15:40,16,rocket_missile,False,True,True,True,2,403
2026-03-20 17:00:16,2026-03-20,17:00:16,17:09:38,17,rocket_missile,False,True,True,False,4,562
2026-03-20 17:30:54,2026-03-20,17:30:54,17:30:54,17,rocket_missile,False,False,True,False,1,0
2026-03-20 18:12:25,2026-03-20,18:12:25,18:12:25,18,rocket_missile,False,False,True,False,1,0
2026-03-20 20:34:17,2026-03-20,20:34:17,20:40:21,20,hostile_aircraft,False,False,True,False,4,364
2026-03-20 21:38:56,2026-03-20,21:38:56,21:49:00,21,rocket_missile,True,True,True,True,6,604
2026-03-20 22:23:23,2026-03-20,22:23:23,22:25:38,22,rocket_missile,False,False,True,False,2,135
2026-03-20 22:35:51,2026-03-20,22:35:51,22:37:51,22,rocket_missile,False,False,True,False,2,120
2026-03-20 22:48:54,2026-03-20,22:48:54,22:50:51,22,rocket_missile,False,False,True,False,2,117
2026-03-20 23:00:27,2026-03-20,23:00:27,23:00:27,23,rocket_missile,False,False,True,False,1,0
2026-03-20 23:11:28,2026-03-20,23:11:28,23:19:05,23,rocket_missile,False,False,True,False,4,457
2026-03-20 23:30:42,2026-03-20,23:30:42,23:34:43,23,hostile_aircraft,False,False,True,False,3,241
2026-03-20 23:42:52,2026-03-20,23:42:52,23:49:29,23,hostile_aircraft,False,False,True,False,4,397
2026-03-21 01:14:15,2026-03-21,01:14:15,01:14:15,1,rocket_missile,False,True,False,False,1,0
2026-03-21 02:06:24,2026-03-21,02:06:24,02:06:24,2,rocket_missile,False,False,True,False,1,0
2026-03-21 02:33:26,2026-03-21,02:33:26,02:33:26,2,rocket_missile,False,False,True,False,1,0
2026-03-21 03:20:55,2026-03-21,03:20:55,03:22:57,3,rocket_missile,False,True,False,False,2,122
2026-03-21 05:30:15,2026-03-21,05:30:15,05:32:15,5,rocket_missile,False,True,False,False,2,120
2026-03-21 06:39:46,2026-03-21,06:39:46,06:39:46,6,rocket_missile,False,False,True,False,1,0
2026-03-21 08:30:07,2026-03-21,08:30:07,08:30:07,8,rocket_missile,True,True,False,False,1,0
2026-03-21 12:33:09,2026-03-21,12:33:09,12:33:09,12,rocket_missile,False,False,True,False,1,0
2026-03-21 13:10:45,2026-03-21,13:10:45,13:10:45,13,rocket_missile,False,False,True,False,1,0
2026-03-21 13:46:37,2026-03-21,13:46:37,13:54:51,13,rocket_missile,False,False,True,False,3,494
2026-03-21 14:28:23,2026-03-21,14:28:23,14:36:50,14,rocket_missile,False,False,True,False,5,507
2026-03-21 14:56:36,2026-03-21,14:56:36,15:04:24,14,rocket_missile,False,False,True,False,2,468
2026-03-21 15:17:07,2026-03-21,15:17:07,15:17:07,15,rocket_missile,False,False,True,False,1,0
2026-03-21 15:26:25,2026-03-21,15:26:25,15:26:25,15,rocket_missile,False,False,True,False,1,0
2026-03-21 15:39:58,2026-03-21,15:39:58,15:39:58,15,rocket_missile,False,False,True,False,1,0
2026-03-21 15:56:58,2026-03-21,15:56:58,15:56:58,15,rocket_missile,False,False,True,False,1,0
2026-03-21 16:59:26,2026-03-21,16:59:26,17:07:17,16,rocket_missile,False,True,True,False,4,471
2026-03-21 17:29:37,2026-03-21,17:29:37,17:29:37,17,rocket_missile,False,False,True,False,1,0
2026-03-21 17:38:41,2026-03-21,17:38:41,17:38:41,17,rocket_missile,False,False,True,False,1,0
2026-03-21 17:51:09,2026-03-21,17:51:09,17:51:09,17,rocket_missile,False,False,True,False,1,0
2026-03-21 18:00:30,2026-03-21,18:00:30,18:09:13,18,rocket_missile,False,False,True,False,3,523
2026-03-21 18:47:54,2026-03-21,18:47:54,18:47:54,18,rocket_missile,False,True,False,False,1,0
2026-03-21 18:57:08,2026-03-21,18:57:08,19:07:18,18,rocket_missile,False,True,True,False,3,610
2026-03-21 19:34:21,2026-03-21,19:34:21,19:34:21,19,rocket_missile,False,False,True,False,1,0
2026-03-21 19:48:46,2026-03-21,19:48:46,19:48:46,19,rocket_missile,False,False,True,False,1,0
2026-03-21 20:40:09,2026-03-21,20:40:09,20:40:09,20,rocket_missile,True,True,False,False,1,0
2026-03-21 21:41:56,2026-03-21,21:41:56,21:41:56,21,rocket_missile,False,False,True,False,1,0
2026-03-21 22:05:18,2026-03-21,22:05:18,22:05:18,22,rocket_missile,False,True,False,False,1,0
2026-03-21 22:19:32,2026-03-21,22:19:32,22:28:11,22,rocket_missile,False,False,True,False,4,519
2026-03-22 02:11:48,2026-03-22,02:11:48,02:13:47,2,hostile_aircraft,False,False,True,False,2,119
2026-03-22 02:42:43,2026-03-22,02:42:43,02:52:46,2,rocket_missile,False,False,True,False,6,603
2026-03-22 03:21:42,2026-03-22,03:21:42,03:21:42,3,rocket_missile,False,False,True,False,1,0
2026-03-22 06:08:02,2026-03-22,06:08:02,06:15:34,6,hostile_aircraft,False,False,True,False,2,452
2026-03-22 06:28:19,2026-03-22,06:28:19,06:30:21,6,hostile_aircraft,False,False,True,False,2,122
2026-03-22 07:07:00,2026-03-22,07:07:00,07:08:59,7,rocket_missile,True,True,False,False,2,119
2026-03-22 07:51:46,2026-03-22,07:51:46,08:03:22,7,rocket_missile,True,True,True,True,4,696
2026-03-22 08:17:12,2026-03-22,08:17:12,08:19:14,8,rocket_missile,False,True,False,False,2,122
2026-03-22 08:36:52,2026-03-22,08:36:52,08:36:52,8,rocket_missile,False,False,True,False,1,0
2026-03-22 09:25:47,2026-03-22,09:25:47,09:27:48,9,rocket_missile,True,True,True,False,2,121
2026-03-22 09:37:23,2026-03-22,09:37:23,09:37:23,9,rocket_missile,True,True,True,False,1,0
2026-03-22 10:02:27,2026-03-22,10:02:27,10:02:27,10,rocket_missile,False,False,True,False,1,0
2026-03-22 10:43:52,2026-03-22,10:43:52,10:43:52,10,rocket_missile,False,False,True,False,1,0
2026-03-22 11:14:32,2026-03-22,11:14:32,11:14:32,11,rocket_missile,True,True,False,False,1,0
2026-03-22 12:05:07,2026-03-22,12:05:07,12:20:51,12,rocket_missile,False,True,True,False,5,944
2026-03-22 12:31:02,2026-03-22,12:31:02,12:31:02,12,rocket_missile,False,False,True,False,1,0
2026-03-22 13:35:42,2026-03-22,13:35:42,13:39:44,13,hostile_aircraft,False,False,True,False,3,242
2026-03-22 13:51:20,2026-03-22,13:51:20,13:53:20,13,hostile_aircraft,False,False,True,False,2,120
2026-03-22 14:06:48,2026-03-22,14:06:48,14:06:48,14,hostile_aircraft,False,False,True,False,1,0
2026-03-22 14:22:39,2026-03-22,14:22:39,14:26:41,14,rocket_missile,False,False,True,False,3,242
2026-03-22 14:48:57,2026-03-22,14:48:57,14:48:57,14,rocket_missile,False,False,True,False,1,0
2026-03-22 15:10:04,2026-03-22,15:10:04,15:10:04,15,rocket_missile,True,True,False,False,1,0
2026-03-22 15:58:41,2026-03-22,15:58:41,16:07:28,15,rocket_missile,False,False,True,False,3,527
2026-03-22 16:30:28,2026-03-22,16:30:28,16:41:25,16,rocket_missile,False,False,True,False,4,657
2026-03-22 16:56:44,2026-03-22,16:56:44,16:56:44,16,rocket_missile,False,False,True,False,1,0
2026-03-22 18:10:55,2026-03-22,18:10:55,19:07:48,18,rocket_missile,False,True,True,False,14,3413
2026-03-22 19:39:23,2026-03-22,19:39:23,19:41:23,19,hostile_aircraft,False,False,True,False,2,120
2026-03-22 20:15:52,2026-03-22,20:15:52,20:15:52,20,rocket_missile,False,False,True,False,1,0
2026-03-22 20:44:43,2026-03-22,20:44:43,20:44:43,20,rocket_missile,False,False,True,False,1,0
2026-03-22 21:53:40,2026-03-22,21:53:40,21:53:40,21,rocket_missile,False,False,True,False,1,0
2026-03-22 22:23:26,2026-03-22,22:23:26,22:23:26,22,rocket_missile,False,False,True,False,1,0
2026-03-22 23:00:12,2026-03-22,23:00:12,23:00:12,23,rocket_missile,False,False,True,False,1,0
2026-03-22 23:19:01,2026-03-22,23:19:01,23:21:02,23,rocket_missile,False,False,True,False,2,121
2026-03-23 00:05:19,2026-03-23,00:05:19,00:09:21,0,rocket_missile,True,True,False,False,3,242
